domain,policy,true_value,reps,ipw_mean,ipw_bias,ipw_rmse,snipw_mean,snipw_bias,snipw_rmse,dr_mean,dr_bias,dr_rmse,outcome_only_mean,outcome_only_bias,outcome_only_rmse
sepsis,treat_all,0.2681,200,0.2963,0.0282,0.0294,0.2839,0.0158,0.0182,0.3059,0.0379,0.039,0.287,0.0189,0.0204
sepsis,treat_none,0.4296,200,0.4066,-0.023,0.0267,0.4011,-0.0285,0.0302,0.3952,-0.0345,0.0354,0.3928,-0.0368,0.0374
sepsis,cdss_top50,0.328,200,0.3399,0.0119,0.0139,0.3331,0.0051,0.0084,0.3319,0.0039,0.0076,0.3399,0.0119,0.0128
sepsis,cdss_top25,0.3817,200,0.3713,-0.0104,0.0127,0.3654,-0.0163,0.0174,0.3657,-0.016,0.0172,0.3663,-0.0154,0.0163
ards,treat_all,0.3152,200,0.3414,0.0262,0.0273,0.3325,0.0173,0.0192,0.3466,0.0314,0.0324,0.3378,0.0226,0.0239
ards,treat_none,0.433,200,0.4107,-0.0223,0.0238,0.4086,-0.0244,0.0255,0.4059,-0.0271,0.028,0.405,-0.028,0.0288
ards,cdss_top50,0.3636,200,0.3713,0.0078,0.0098,0.368,0.0044,0.0073,0.3672,0.0036,0.0067,0.3714,0.0078,0.009
ards,cdss_top25,0.4,200,0.3909,-0.0091,0.0115,0.388,-0.012,0.0135,0.3877,-0.0123,0.0137,0.3882,-0.0119,0.0128
cardiac,treat_all,0.2396,200,0.2667,0.0271,0.0281,0.2614,0.0218,0.0236,0.275,0.0354,0.0367,0.2501,0.0105,0.0129
cardiac,treat_none,0.4271,200,0.3943,-0.0327,0.0361,0.3917,-0.0354,0.0371,0.3913,-0.0357,0.0365,0.3875,-0.0396,0.0401
cardiac,cdss_top50,0.3022,200,0.3192,0.0169,0.018,0.3092,0.007,0.0092,0.3071,0.0049,0.0078,0.3188,0.0166,0.0171
cardiac,cdss_top25,0.3691,200,0.3618,-0.0073,0.0099,0.3523,-0.0168,0.0177,0.3531,-0.016,0.017,0.3531,-0.016,0.0167
