domain,estimator,true_ate,mean_estimate,bias,abs_bias,rmse,sd,reps,n
sepsis,naive,-0.1614,0.085,0.2464,0.2464,0.2466,0.0102,200,8000
sepsis,backdoor_observed,-0.1614,0.0062,0.1676,0.1676,0.1679,0.0103,200,8000
sepsis,proximal,-0.1614,-0.1698,-0.0084,0.0084,0.0157,0.0133,200,8000
ards,naive,-0.1177,0.0647,0.1823,0.1823,0.1827,0.0117,200,8000
ards,backdoor_observed,-0.1177,0.0159,0.1336,0.1336,0.134,0.0109,200,8000
ards,proximal,-0.1177,-0.1203,-0.0026,0.0026,0.014,0.0138,200,8000
cardiac,naive,-0.1875,0.1056,0.2931,0.2931,0.2933,0.0109,200,8000
cardiac,backdoor_observed,-0.1875,-0.0032,0.1844,0.1844,0.1847,0.011,200,8000
cardiac,proximal,-0.1875,-0.2039,-0.0164,0.0164,0.0213,0.0136,200,8000
