domain,gamma_z_to_y,estimator,true_ate,mean_estimate,bias,abs_bias,reps,n
sepsis,0.0,proximal,-0.1616,-0.1705,-0.009,0.009,100,8000
sepsis,0.0,backdoor_observed,-0.1616,0.0077,0.1692,0.1692,100,8000
sepsis,0.05,proximal,-0.1592,-0.1781,-0.0189,0.0189,100,8000
sepsis,0.05,backdoor_observed,-0.1592,0.0156,0.1748,0.1748,100,8000
sepsis,0.1,proximal,-0.1568,-0.185,-0.0282,0.0282,100,8000
sepsis,0.1,backdoor_observed,-0.1568,0.0236,0.1804,0.1804,100,8000
sepsis,0.2,proximal,-0.1519,-0.1984,-0.0465,0.0465,100,8000
sepsis,0.2,backdoor_observed,-0.1519,0.0385,0.1905,0.1905,100,8000
sepsis,0.3,proximal,-0.147,-0.2096,-0.0626,0.0626,100,8000
sepsis,0.3,backdoor_observed,-0.147,0.0523,0.1993,0.1993,100,8000
sepsis,0.5,proximal,-0.1372,-0.2284,-0.0912,0.0912,100,8000
sepsis,0.5,backdoor_observed,-0.1372,0.0778,0.215,0.215,100,8000
ards,0.0,proximal,-0.1178,-0.1228,-0.005,0.005,100,8000
ards,0.0,backdoor_observed,-0.1178,0.0129,0.1307,0.1307,100,8000
ards,0.05,proximal,-0.1162,-0.1302,-0.014,0.014,100,8000
ards,0.05,backdoor_observed,-0.1162,0.0191,0.1353,0.1353,100,8000
ards,0.1,proximal,-0.1146,-0.1375,-0.0229,0.0229,100,8000
ards,0.1,backdoor_observed,-0.1146,0.0251,0.1397,0.1397,100,8000
ards,0.2,proximal,-0.1112,-0.1507,-0.0395,0.0395,100,8000
ards,0.2,backdoor_observed,-0.1112,0.0373,0.1485,0.1485,100,8000
ards,0.3,proximal,-0.1077,-0.1622,-0.0545,0.0545,100,8000
ards,0.3,backdoor_observed,-0.1077,0.0486,0.1563,0.1563,100,8000
ards,0.5,proximal,-0.1006,-0.1834,-0.0828,0.0828,100,8000
ards,0.5,backdoor_observed,-0.1006,0.0674,0.168,0.168,100,8000
cardiac,0.0,proximal,-0.1877,-0.2061,-0.0184,0.0184,100,8000
cardiac,0.0,backdoor_observed,-0.1877,-0.0017,0.186,0.186,100,8000
cardiac,0.05,proximal,-0.1847,-0.2122,-0.0275,0.0275,100,8000
cardiac,0.05,backdoor_observed,-0.1847,0.0075,0.1922,0.1922,100,8000
cardiac,0.1,proximal,-0.1818,-0.2182,-0.0364,0.0364,100,8000
cardiac,0.1,backdoor_observed,-0.1818,0.0164,0.1981,0.1981,100,8000
cardiac,0.2,proximal,-0.1758,-0.2283,-0.0525,0.0525,100,8000
cardiac,0.2,backdoor_observed,-0.1758,0.0337,0.2096,0.2096,100,8000
cardiac,0.3,proximal,-0.1699,-0.2371,-0.0672,0.0672,100,8000
cardiac,0.3,backdoor_observed,-0.1699,0.0498,0.2198,0.2198,100,8000
cardiac,0.5,proximal,-0.1584,-0.2511,-0.0928,0.0928,100,8000
cardiac,0.5,backdoor_observed,-0.1584,0.079,0.2374,0.2374,100,8000
