domain,delta_a_to_w,estimator,true_ate,mean_estimate,bias,abs_bias,reps,n
sepsis,0.0,proximal,-0.1616,-0.1734,-0.0118,0.0118,100,8000
sepsis,0.0,backdoor_observed,-0.1616,0.0043,0.1658,0.1658,100,8000
sepsis,0.05,proximal,-0.1616,-0.182,-0.0204,0.0204,100,8000
sepsis,0.05,backdoor_observed,-0.1616,0.0043,0.1658,0.1658,100,8000
sepsis,0.1,proximal,-0.1616,-0.1905,-0.029,0.029,100,8000
sepsis,0.1,backdoor_observed,-0.1616,0.0043,0.1658,0.1658,100,8000
sepsis,0.2,proximal,-0.1616,-0.2076,-0.0461,0.0461,100,8000
sepsis,0.2,backdoor_observed,-0.1616,0.0043,0.1658,0.1658,100,8000
sepsis,0.3,proximal,-0.1616,-0.2247,-0.0632,0.0632,100,8000
sepsis,0.3,backdoor_observed,-0.1616,0.0043,0.1658,0.1658,100,8000
sepsis,0.5,proximal,-0.1616,-0.2589,-0.0974,0.0974,100,8000
sepsis,0.5,backdoor_observed,-0.1616,0.0043,0.1658,0.1658,100,8000
ards,0.0,proximal,-0.1178,-0.1206,-0.0028,0.0028,100,8000
ards,0.0,backdoor_observed,-0.1178,0.0151,0.1328,0.1328,100,8000
ards,0.05,proximal,-0.1178,-0.1294,-0.0117,0.0117,100,8000
ards,0.05,backdoor_observed,-0.1178,0.0151,0.1328,0.1328,100,8000
ards,0.1,proximal,-0.1178,-0.1383,-0.0205,0.0205,100,8000
ards,0.1,backdoor_observed,-0.1178,0.0151,0.1328,0.1328,100,8000
ards,0.2,proximal,-0.1178,-0.1561,-0.0383,0.0383,100,8000
ards,0.2,backdoor_observed,-0.1178,0.0151,0.1328,0.1328,100,8000
ards,0.3,proximal,-0.1178,-0.1738,-0.056,0.056,100,8000
ards,0.3,backdoor_observed,-0.1178,0.0151,0.1328,0.1328,100,8000
ards,0.5,proximal,-0.1178,-0.2093,-0.0915,0.0915,100,8000
ards,0.5,backdoor_observed,-0.1178,0.0151,0.1328,0.1328,100,8000
cardiac,0.0,proximal,-0.1877,-0.201,-0.0133,0.0133,100,8000
cardiac,0.0,backdoor_observed,-0.1877,-0.0011,0.1866,0.1866,100,8000
cardiac,0.05,proximal,-0.1877,-0.2091,-0.0214,0.0214,100,8000
cardiac,0.05,backdoor_observed,-0.1877,-0.0011,0.1866,0.1866,100,8000
cardiac,0.1,proximal,-0.1877,-0.2171,-0.0295,0.0295,100,8000
cardiac,0.1,backdoor_observed,-0.1877,-0.0011,0.1866,0.1866,100,8000
cardiac,0.2,proximal,-0.1877,-0.2332,-0.0456,0.0456,100,8000
cardiac,0.2,backdoor_observed,-0.1877,-0.0011,0.1866,0.1866,100,8000
cardiac,0.3,proximal,-0.1877,-0.2494,-0.0617,0.0617,100,8000
cardiac,0.3,backdoor_observed,-0.1877,-0.0011,0.1866,0.1866,100,8000
cardiac,0.5,proximal,-0.1877,-0.2816,-0.094,0.094,100,8000
cardiac,0.5,backdoor_observed,-0.1877,-0.0011,0.1866,0.1866,100,8000
