domain,regime,estimator,true_ate,mean_estimate,bias,abs_bias,mcse,reps,n
sepsis,linear,proximal,-0.16138,-0.16981,-0.00842,0.00842,0.00135,100,8000
sepsis,linear,backdoor_observed,-0.16138,0.0044,0.16579,0.16579,0.00118,100,8000
sepsis,quadratic,proximal,-0.14359,-0.11918,0.02441,0.02441,0.00131,100,8000
sepsis,quadratic,backdoor_observed,-0.14359,0.02549,0.16907,0.16907,0.00109,100,8000
sepsis,threshold,proximal,-0.15122,-0.15381,-0.0026,0.0026,0.00127,100,8000
sepsis,threshold,backdoor_observed,-0.15122,0.05669,0.2079,0.2079,0.00116,100,8000
sepsis,proxy_nl,proximal,-0.16138,-0.15657,0.00481,0.00481,0.00165,100,8000
sepsis,proxy_nl,backdoor_observed,-0.16138,0.0044,0.16579,0.16579,0.00118,100,8000
ards,linear,proximal,-0.11765,-0.11996,-0.00232,0.00232,0.00137,100,8000
ards,linear,backdoor_observed,-0.11765,0.0149,0.13255,0.13255,0.00114,100,8000
ards,quadratic,proximal,-0.10803,-0.0962,0.01183,0.01183,0.00135,100,8000
ards,quadratic,backdoor_observed,-0.10803,0.02044,0.12847,0.12847,0.0012,100,8000
ards,threshold,proximal,-0.11081,-0.11107,-0.00026,0.00026,0.00141,100,8000
ards,threshold,backdoor_observed,-0.11081,0.05258,0.16339,0.16339,0.00114,100,8000
ards,proxy_nl,proximal,-0.11765,-0.11012,0.00753,0.00753,0.00151,100,8000
ards,proxy_nl,backdoor_observed,-0.11765,0.0149,0.13255,0.13255,0.00114,100,8000
cardiac,linear,proximal,-0.18748,-0.20159,-0.01411,0.01411,0.00142,100,8000
cardiac,linear,backdoor_observed,-0.18748,-0.00163,0.18585,0.18585,0.00112,100,8000
cardiac,quadratic,proximal,-0.16211,-0.11742,0.04469,0.04469,0.00137,100,8000
cardiac,quadratic,backdoor_observed,-0.16211,0.03838,0.20049,0.20049,0.00117,100,8000
cardiac,threshold,proximal,-0.17438,-0.17966,-0.00528,0.00528,0.00142,100,8000
cardiac,threshold,backdoor_observed,-0.17438,0.06032,0.2347,0.2347,0.00117,100,8000
cardiac,proxy_nl,proximal,-0.18748,-0.18468,0.0028,0.0028,0.00179,100,8000
cardiac,proxy_nl,backdoor_observed,-0.18748,-0.00163,0.18585,0.18585,0.00112,100,8000
